{
    "version": "5.5.0",
    "flags": {},
    "shapes": [
        {
            "points": [
                [
                    657,
                    251
                ],
                [
                    657,
                    979
                ],
                [
                    656,
                    980
                ],
                [
                    656,
                    1751
                ],
                [
                    655,
                    1752
                ],
                [
                    655,
                    2437
                ],
                [
                    654,
                    2438
                ],
                [
                    654,
                    3209
                ],
                [
                    653,
                    3210
                ],
                [
                    653,
                    3425
                ],
                [
                    4697,
                    3425
                ],
                [
                    4697,
                    3383
                ],
                [
                    4698,
                    3382
                ],
                [
                    4698,
                    2785
                ],
                [
                    4699,
                    2784
                ],
                [
                    4699,
                    2272
                ],
                [
                    4700,
                    2271
                ],
                [
                    4700,
                    1759
                ],
                [
                    4701,
                    1758
                ],
                [
                    4701,
                    1161
                ],
                [
                    4702,
                    1160
                ],
                [
                    4702,
                    648
                ],
                [
                    4703,
                    647
                ],
                [
                    4703,
                    263
                ],
                [
                    4634,
                    263
                ],
                [
                    4633,
                    262
                ],
                [
                    4216,
                    262
                ],
                [
                    4215,
                    261
                ],
                [
                    3937,
                    261
                ],
                [
                    3936,
                    260
                ],
                [
                    3658,
                    260
                ],
                [
                    3657,
                    259
                ],
                [
                    3239,
                    259
                ],
                [
                    3238,
                    258
                ],
                [
                    2960,
                    258
                ],
                [
                    2959,
                    257
                ],
                [
                    2681,
                    257
                ],
                [
                    2680,
                    256
                ],
                [
                    2263,
                    256
                ],
                [
                    2262,
                    255
                ],
                [
                    1984,
                    255
                ],
                [
                    1983,
                    254
                ],
                [
                    1565,
                    254
                ],
                [
                    1564,
                    253
                ],
                [
                    1286,
                    253
                ],
                [
                    1285,
                    252
                ],
                [
                    1007,
                    252
                ],
                [
                    1006,
                    251
                ]
            ],
            "label": "masterbox",
            "shape_type": "polygon",
            "flags": {},
            "mask": null,
            "group_id": null,
            "description": ""
        }
    ],
    "imagePath": "011.bmp",
    "imageData": null,
    "imageHeight": 3648,
    "imageWidth": 5472
}