{
    "version": "5.5.0",
    "flags": {},
    "shapes": [
        {
            "points": [
                [
                    3437,
                    223
                ],
                [
                    3436,
                    224
                ],
                [
                    1762,
                    224
                ],
                [
                    1761,
                    225
                ],
                [
                    714,
                    225
                ],
                [
                    714,
                    610
                ],
                [
                    715,
                    611
                ],
                [
                    715,
                    1209
                ],
                [
                    716,
                    1210
                ],
                [
                    716,
                    1722
                ],
                [
                    717,
                    1723
                ],
                [
                    717,
                    2321
                ],
                [
                    718,
                    2322
                ],
                [
                    718,
                    2835
                ],
                [
                    719,
                    2836
                ],
                [
                    719,
                    3391
                ],
                [
                    2460,
                    3391
                ],
                [
                    2461,
                    3390
                ],
                [
                    4411,
                    3390
                ],
                [
                    4412,
                    3389
                ],
                [
                    4759,
                    3389
                ],
                [
                    4759,
                    3176
                ],
                [
                    4760,
                    3175
                ],
                [
                    4760,
                    2149
                ],
                [
                    4761,
                    2148
                ],
                [
                    4761,
                    1208
                ],
                [
                    4762,
                    1207
                ],
                [
                    4762,
                    266
                ],
                [
                    4763,
                    265
                ],
                [
                    4763,
                    223
                ]
            ],
            "label": "masterbox",
            "shape_type": "polygon",
            "flags": {},
            "mask": null,
            "group_id": null,
            "description": ""
        }
    ],
    "imagePath": "059.bmp",
    "imageData": null,
    "imageHeight": 3648,
    "imageWidth": 5472
}