{
    "version": "5.5.0",
    "flags": {},
    "shapes": [
        {
            "points": [
                [
                    714,
                    222
                ],
                [
                    714,
                    350
                ],
                [
                    713,
                    351
                ],
                [
                    713,
                    1120
                ],
                [
                    712,
                    1121
                ],
                [
                    712,
                    1890
                ],
                [
                    711,
                    1891
                ],
                [
                    711,
                    2660
                ],
                [
                    710,
                    2661
                ],
                [
                    710,
                    3388
                ],
                [
                    1058,
                    3388
                ],
                [
                    1059,
                    3389
                ],
                [
                    1894,
                    3389
                ],
                [
                    1895,
                    3390
                ],
                [
                    2730,
                    3390
                ],
                [
                    2731,
                    3391
                ],
                [
                    3566,
                    3391
                ],
                [
                    3567,
                    3392
                ],
                [
                    4402,
                    3392
                ],
                [
                    4403,
                    3393
                ],
                [
                    4751,
                    3393
                ],
                [
                    4751,
                    3180
                ],
                [
                    4752,
                    3179
                ],
                [
                    4752,
                    2752
                ],
                [
                    4753,
                    2751
                ],
                [
                    4753,
                    2409
                ],
                [
                    4754,
                    2408
                ],
                [
                    4754,
                    1981
                ],
                [
                    4755,
                    1980
                ],
                [
                    4755,
                    1639
                ],
                [
                    4756,
                    1638
                ],
                [
                    4756,
                    1296
                ],
                [
                    4757,
                    1295
                ],
                [
                    4757,
                    868
                ],
                [
                    4758,
                    867
                ],
                [
                    4758,
                    526
                ],
                [
                    4759,
                    525
                ],
                [
                    4759,
                    225
                ],
                [
                    3714,
                    225
                ],
                [
                    3713,
                    224
                ],
                [
                    2319,
                    224
                ],
                [
                    2318,
                    223
                ],
                [
                    924,
                    223
                ],
                [
                    923,
                    222
                ]
            ],
            "label": "masterbox",
            "shape_type": "polygon",
            "flags": {},
            "mask": null,
            "group_id": null,
            "description": ""
        }
    ],
    "imagePath": "064.bmp",
    "imageData": null,
    "imageHeight": 3648,
    "imageWidth": 5472
}