{
    "version": "5.5.0",
    "flags": {},
    "shapes": [
        {
            "points": [
                [
                    659,
                    235
                ],
                [
                    659,
                    620
                ],
                [
                    658,
                    621
                ],
                [
                    658,
                    1392
                ],
                [
                    657,
                    1393
                ],
                [
                    657,
                    2250
                ],
                [
                    656,
                    2251
                ],
                [
                    656,
                    3022
                ],
                [
                    655,
                    3023
                ],
                [
                    655,
                    3408
                ],
                [
                    4701,
                    3408
                ],
                [
                    4701,
                    3024
                ],
                [
                    4702,
                    3023
                ],
                [
                    4702,
                    2511
                ],
                [
                    4703,
                    2510
                ],
                [
                    4703,
                    1998
                ],
                [
                    4704,
                    1997
                ],
                [
                    4704,
                    1485
                ],
                [
                    4705,
                    1484
                ],
                [
                    4705,
                    887
                ],
                [
                    4706,
                    886
                ],
                [
                    4706,
                    374
                ],
                [
                    4707,
                    373
                ],
                [
                    4707,
                    245
                ],
                [
                    4638,
                    245
                ],
                [
                    4637,
                    244
                ],
                [
                    4219,
                    244
                ],
                [
                    4218,
                    243
                ],
                [
                    3800,
                    243
                ],
                [
                    3799,
                    242
                ],
                [
                    3382,
                    242
                ],
                [
                    3381,
                    241
                ],
                [
                    2963,
                    241
                ],
                [
                    2962,
                    240
                ],
                [
                    2684,
                    240
                ],
                [
                    2683,
                    239
                ],
                [
                    2265,
                    239
                ],
                [
                    2264,
                    238
                ],
                [
                    1846,
                    238
                ],
                [
                    1845,
                    237
                ],
                [
                    1427,
                    237
                ],
                [
                    1426,
                    236
                ],
                [
                    1009,
                    236
                ],
                [
                    1008,
                    235
                ]
            ],
            "label": "masterbox",
            "shape_type": "polygon",
            "flags": {},
            "mask": null,
            "group_id": null,
            "description": ""
        }
    ],
    "imagePath": "134.bmp",
    "imageData": null,
    "imageHeight": 3648,
    "imageWidth": 5472
}