{
    "version": "5.5.0",
    "flags": {},
    "shapes": [
        {
            "points": [
                [
                    730,
                    207
                ],
                [
                    730,
                    339
                ],
                [
                    731,
                    340
                ],
                [
                    731,
                    1659
                ],
                [
                    732,
                    1660
                ],
                [
                    732,
                    2890
                ],
                [
                    733,
                    2891
                ],
                [
                    733,
                    3374
                ],
                [
                    3452,
                    3374
                ],
                [
                    3453,
                    3375
                ],
                [
                    4777,
                    3375
                ],
                [
                    4777,
                    2716
                ],
                [
                    4778,
                    2715
                ],
                [
                    4778,
                    1748
                ],
                [
                    4779,
                    1747
                ],
                [
                    4779,
                    780
                ],
                [
                    4780,
                    779
                ],
                [
                    4780,
                    207
                ]
            ],
            "label": "masterbox",
            "shape_type": "polygon",
            "flags": {},
            "mask": null,
            "group_id": null,
            "description": ""
        }
    ],
    "imagePath": "205.bmp",
    "imageData": null,
    "imageHeight": 3648,
    "imageWidth": 5472
}