{
    "version": "5.5.0",
    "flags": {},
    "shapes": [
        {
            "points": [
                [
                    620,
                    224
                ],
                [
                    620,
                    696
                ],
                [
                    621,
                    697
                ],
                [
                    621,
                    1210
                ],
                [
                    622,
                    1211
                ],
                [
                    622,
                    1724
                ],
                [
                    623,
                    1725
                ],
                [
                    623,
                    2239
                ],
                [
                    624,
                    2240
                ],
                [
                    624,
                    2753
                ],
                [
                    625,
                    2754
                ],
                [
                    625,
                    3268
                ],
                [
                    626,
                    3269
                ],
                [
                    626,
                    3397
                ],
                [
                    695,
                    3397
                ],
                [
                    696,
                    3396
                ],
                [
                    974,
                    3396
                ],
                [
                    975,
                    3395
                ],
                [
                    1253,
                    3395
                ],
                [
                    1254,
                    3394
                ],
                [
                    1531,
                    3394
                ],
                [
                    1532,
                    3393
                ],
                [
                    1950,
                    3393
                ],
                [
                    1951,
                    3392
                ],
                [
                    2228,
                    3392
                ],
                [
                    2229,
                    3391
                ],
                [
                    2507,
                    3391
                ],
                [
                    2508,
                    3390
                ],
                [
                    2925,
                    3390
                ],
                [
                    2926,
                    3389
                ],
                [
                    3204,
                    3389
                ],
                [
                    3205,
                    3388
                ],
                [
                    3483,
                    3388
                ],
                [
                    3484,
                    3387
                ],
                [
                    3761,
                    3387
                ],
                [
                    3762,
                    3386
                ],
                [
                    4180,
                    3386
                ],
                [
                    4181,
                    3385
                ],
                [
                    4458,
                    3385
                ],
                [
                    4459,
                    3384
                ],
                [
                    4668,
                    3384
                ],
                [
                    4668,
                    3256
                ],
                [
                    4667,
                    3255
                ],
                [
                    4667,
                    2403
                ],
                [
                    4666,
                    2402
                ],
                [
                    4666,
                    1549
                ],
                [
                    4665,
                    1548
                ],
                [
                    4665,
                    695
                ],
                [
                    4664,
                    694
                ],
                [
                    4664,
                    225
                ],
                [
                    4595,
                    225
                ],
                [
                    4594,
                    224
                ]
            ],
            "label": "masterbox",
            "shape_type": "polygon",
            "flags": {},
            "mask": null,
            "group_id": null,
            "description": ""
        }
    ],
    "imagePath": "271.bmp",
    "imageData": null,
    "imageHeight": 3648,
    "imageWidth": 5472
}