{
    "version": "5.5.0",
    "flags": {},
    "shapes": [
        {
            "points": [
                [
                    720,
                    204
                ],
                [
                    720,
                    845
                ],
                [
                    719,
                    846
                ],
                [
                    719,
                    1958
                ],
                [
                    718,
                    1959
                ],
                [
                    718,
                    2985
                ],
                [
                    717,
                    2986
                ],
                [
                    717,
                    3371
                ],
                [
                    926,
                    3371
                ],
                [
                    927,
                    3372
                ],
                [
                    1623,
                    3372
                ],
                [
                    1624,
                    3373
                ],
                [
                    2181,
                    3373
                ],
                [
                    2182,
                    3374
                ],
                [
                    2738,
                    3374
                ],
                [
                    2739,
                    3375
                ],
                [
                    3435,
                    3375
                ],
                [
                    3436,
                    3376
                ],
                [
                    3993,
                    3376
                ],
                [
                    3994,
                    3377
                ],
                [
                    4690,
                    3377
                ],
                [
                    4691,
                    3378
                ],
                [
                    4760,
                    3378
                ],
                [
                    4760,
                    3250
                ],
                [
                    4761,
                    3249
                ],
                [
                    4761,
                    2908
                ],
                [
                    4762,
                    2907
                ],
                [
                    4762,
                    2565
                ],
                [
                    4763,
                    2564
                ],
                [
                    4763,
                    2223
                ],
                [
                    4764,
                    2222
                ],
                [
                    4764,
                    1880
                ],
                [
                    4765,
                    1879
                ],
                [
                    4765,
                    1538
                ],
                [
                    4766,
                    1537
                ],
                [
                    4766,
                    1195
                ],
                [
                    4767,
                    1194
                ],
                [
                    4767,
                    853
                ],
                [
                    4768,
                    852
                ],
                [
                    4768,
                    510
                ],
                [
                    4769,
                    509
                ],
                [
                    4769,
                    210
                ],
                [
                    4700,
                    210
                ],
                [
                    4699,
                    209
                ],
                [
                    4002,
                    209
                ],
                [
                    4001,
                    208
                ],
                [
                    3165,
                    208
                ],
                [
                    3164,
                    207
                ],
                [
                    2466,
                    207
                ],
                [
                    2465,
                    206
                ],
                [
                    1629,
                    206
                ],
                [
                    1628,
                    205
                ],
                [
                    930,
                    205
                ],
                [
                    929,
                    204
                ]
            ],
            "label": "masterbox",
            "shape_type": "polygon",
            "flags": {},
            "mask": null,
            "group_id": null,
            "description": ""
        }
    ],
    "imagePath": "342.bmp",
    "imageData": null,
    "imageHeight": 3648,
    "imageWidth": 5472
}