{
    "version": "5.5.0",
    "flags": {},
    "shapes": [
        {
            "points": [
                [
                    639,
                    236
                ],
                [
                    639,
                    536
                ],
                [
                    640,
                    537
                ],
                [
                    640,
                    2768
                ],
                [
                    641,
                    2769
                ],
                [
                    641,
                    3412
                ],
                [
                    710,
                    3412
                ],
                [
                    711,
                    3411
                ],
                [
                    1268,
                    3411
                ],
                [
                    1269,
                    3410
                ],
                [
                    1965,
                    3410
                ],
                [
                    1966,
                    3409
                ],
                [
                    2523,
                    3409
                ],
                [
                    2524,
                    3408
                ],
                [
                    3081,
                    3408
                ],
                [
                    3082,
                    3407
                ],
                [
                    3639,
                    3407
                ],
                [
                    3640,
                    3406
                ],
                [
                    4197,
                    3406
                ],
                [
                    4198,
                    3405
                ],
                [
                    4685,
                    3405
                ],
                [
                    4685,
                    3106
                ],
                [
                    4686,
                    3105
                ],
                [
                    4686,
                    2423
                ],
                [
                    4687,
                    2422
                ],
                [
                    4687,
                    1825
                ],
                [
                    4688,
                    1824
                ],
                [
                    4688,
                    1142
                ],
                [
                    4689,
                    1141
                ],
                [
                    4689,
                    544
                ],
                [
                    4690,
                    543
                ],
                [
                    4690,
                    244
                ],
                [
                    4481,
                    244
                ],
                [
                    4480,
                    243
                ],
                [
                    3923,
                    243
                ],
                [
                    3922,
                    242
                ],
                [
                    3504,
                    242
                ],
                [
                    3503,
                    241
                ],
                [
                    2945,
                    241
                ],
                [
                    2944,
                    240
                ],
                [
                    2386,
                    240
                ],
                [
                    2385,
                    239
                ],
                [
                    1967,
                    239
                ],
                [
                    1966,
                    238
                ],
                [
                    1408,
                    238
                ],
                [
                    1407,
                    237
                ],
                [
                    850,
                    237
                ],
                [
                    849,
                    236
                ]
            ],
            "label": "masterbox",
            "shape_type": "polygon",
            "flags": {},
            "mask": null,
            "group_id": null,
            "description": ""
        }
    ],
    "imagePath": "344.bmp",
    "imageData": null,
    "imageHeight": 3648,
    "imageWidth": 5472
}