{
    "version": "5.5.0",
    "flags": {},
    "shapes": [
        {
            "points": [
                [
                    714,
                    228
                ],
                [
                    714,
                    2838
                ],
                [
                    715,
                    2839
                ],
                [
                    715,
                    3394
                ],
                [
                    923,
                    3394
                ],
                [
                    924,
                    3395
                ],
                [
                    3013,
                    3395
                ],
                [
                    3014,
                    3396
                ],
                [
                    4755,
                    3396
                ],
                [
                    4755,
                    3183
                ],
                [
                    4756,
                    3182
                ],
                [
                    4756,
                    2670
                ],
                [
                    4757,
                    2669
                ],
                [
                    4757,
                    2242
                ],
                [
                    4758,
                    2241
                ],
                [
                    4758,
                    1728
                ],
                [
                    4759,
                    1727
                ],
                [
                    4759,
                    1300
                ],
                [
                    4760,
                    1299
                ],
                [
                    4760,
                    787
                ],
                [
                    4761,
                    786
                ],
                [
                    4761,
                    273
                ],
                [
                    4762,
                    272
                ],
                [
                    4762,
                    230
                ],
                [
                    3855,
                    230
                ],
                [
                    3854,
                    229
                ],
                [
                    1343,
                    229
                ],
                [
                    1342,
                    228
                ]
            ],
            "label": "masterbox",
            "shape_type": "polygon",
            "flags": {},
            "mask": null,
            "group_id": null,
            "description": ""
        }
    ],
    "imagePath": "367.bmp",
    "imageData": null,
    "imageHeight": 3648,
    "imageWidth": 5472
}