{
    "version": "5.5.0",
    "flags": {},
    "shapes": [
        {
            "points": [
                [
                    646,
                    237
                ],
                [
                    646,
                    623
                ],
                [
                    647,
                    624
                ],
                [
                    647,
                    1567
                ],
                [
                    648,
                    1568
                ],
                [
                    648,
                    2511
                ],
                [
                    649,
                    2512
                ],
                [
                    649,
                    3412
                ],
                [
                    859,
                    3412
                ],
                [
                    860,
                    3411
                ],
                [
                    1417,
                    3411
                ],
                [
                    1418,
                    3410
                ],
                [
                    1835,
                    3410
                ],
                [
                    1836,
                    3409
                ],
                [
                    2393,
                    3409
                ],
                [
                    2394,
                    3408
                ],
                [
                    2812,
                    3408
                ],
                [
                    2813,
                    3407
                ],
                [
                    3370,
                    3407
                ],
                [
                    3371,
                    3406
                ],
                [
                    3789,
                    3406
                ],
                [
                    3790,
                    3405
                ],
                [
                    4347,
                    3405
                ],
                [
                    4348,
                    3404
                ],
                [
                    4696,
                    3404
                ],
                [
                    4696,
                    1653
                ],
                [
                    4695,
                    1652
                ],
                [
                    4695,
                    242
                ],
                [
                    4207,
                    242
                ],
                [
                    4206,
                    241
                ],
                [
                    3370,
                    241
                ],
                [
                    3369,
                    240
                ],
                [
                    2532,
                    240
                ],
                [
                    2531,
                    239
                ],
                [
                    1834,
                    239
                ],
                [
                    1833,
                    238
                ],
                [
                    996,
                    238
                ],
                [
                    995,
                    237
                ]
            ],
            "label": "masterbox",
            "shape_type": "polygon",
            "flags": {},
            "mask": null,
            "group_id": null,
            "description": ""
        }
    ],
    "imagePath": "376.bmp",
    "imageData": null,
    "imageHeight": 3648,
    "imageWidth": 5472
}