{
    "version": "5.5.0",
    "flags": {},
    "shapes": [
        {
            "points": [
                [
                    1686,
                    217
                ],
                [
                    1685,
                    218
                ],
                [
                    638,
                    218
                ],
                [
                    638,
                    261
                ],
                [
                    639,
                    262
                ],
                [
                    639,
                    690
                ],
                [
                    640,
                    691
                ],
                [
                    640,
                    1119
                ],
                [
                    641,
                    1120
                ],
                [
                    641,
                    1633
                ],
                [
                    642,
                    1634
                ],
                [
                    642,
                    2062
                ],
                [
                    643,
                    2063
                ],
                [
                    643,
                    2577
                ],
                [
                    644,
                    2578
                ],
                [
                    644,
                    3006
                ],
                [
                    645,
                    3007
                ],
                [
                    645,
                    3392
                ],
                [
                    854,
                    3392
                ],
                [
                    855,
                    3391
                ],
                [
                    1273,
                    3391
                ],
                [
                    1274,
                    3390
                ],
                [
                    1552,
                    3390
                ],
                [
                    1553,
                    3389
                ],
                [
                    1830,
                    3389
                ],
                [
                    1831,
                    3388
                ],
                [
                    2109,
                    3388
                ],
                [
                    2110,
                    3387
                ],
                [
                    2388,
                    3387
                ],
                [
                    2389,
                    3386
                ],
                [
                    2667,
                    3386
                ],
                [
                    2668,
                    3385
                ],
                [
                    2946,
                    3385
                ],
                [
                    2947,
                    3384
                ],
                [
                    3225,
                    3384
                ],
                [
                    3226,
                    3383
                ],
                [
                    3643,
                    3383
                ],
                [
                    3644,
                    3382
                ],
                [
                    3922,
                    3382
                ],
                [
                    3923,
                    3381
                ],
                [
                    4201,
                    3381
                ],
                [
                    4202,
                    3380
                ],
                [
                    4480,
                    3380
                ],
                [
                    4481,
                    3379
                ],
                [
                    4690,
                    3379
                ],
                [
                    4690,
                    3166
                ],
                [
                    4689,
                    3165
                ],
                [
                    4689,
                    1884
                ],
                [
                    4688,
                    1883
                ],
                [
                    4688,
                    517
                ],
                [
                    4687,
                    516
                ],
                [
                    4687,
                    217
                ]
            ],
            "label": "masterbox",
            "shape_type": "polygon",
            "flags": {},
            "mask": null,
            "group_id": null,
            "description": ""
        }
    ],
    "imagePath": "393.bmp",
    "imageData": null,
    "imageHeight": 3648,
    "imageWidth": 5472
}