{
    "version": "5.5.0",
    "flags": {},
    "shapes": [
        {
            "points": [
                [
                    713,
                    199
                ],
                [
                    713,
                    840
                ],
                [
                    712,
                    841
                ],
                [
                    712,
                    2551
                ],
                [
                    711,
                    2552
                ],
                [
                    711,
                    3364
                ],
                [
                    920,
                    3364
                ],
                [
                    921,
                    3365
                ],
                [
                    1617,
                    3365
                ],
                [
                    1618,
                    3366
                ],
                [
                    2175,
                    3366
                ],
                [
                    2176,
                    3367
                ],
                [
                    2872,
                    3367
                ],
                [
                    2873,
                    3368
                ],
                [
                    3430,
                    3368
                ],
                [
                    3431,
                    3369
                ],
                [
                    4128,
                    3369
                ],
                [
                    4129,
                    3370
                ],
                [
                    4685,
                    3370
                ],
                [
                    4686,
                    3371
                ],
                [
                    4755,
                    3371
                ],
                [
                    4755,
                    3329
                ],
                [
                    4756,
                    3328
                ],
                [
                    4756,
                    2815
                ],
                [
                    4757,
                    2814
                ],
                [
                    4757,
                    2215
                ],
                [
                    4758,
                    2214
                ],
                [
                    4758,
                    1701
                ],
                [
                    4759,
                    1700
                ],
                [
                    4759,
                    1187
                ],
                [
                    4760,
                    1186
                ],
                [
                    4760,
                    588
                ],
                [
                    4761,
                    587
                ],
                [
                    4761,
                    202
                ],
                [
                    4553,
                    202
                ],
                [
                    4552,
                    201
                ],
                [
                    3017,
                    201
                ],
                [
                    3016,
                    200
                ],
                [
                    1621,
                    200
                ],
                [
                    1620,
                    199
                ]
            ],
            "label": "masterbox",
            "shape_type": "polygon",
            "flags": {},
            "mask": null,
            "group_id": null,
            "description": ""
        }
    ],
    "imagePath": "399.bmp",
    "imageData": null,
    "imageHeight": 3648,
    "imageWidth": 5472
}