{
    "version": "5.5.0",
    "flags": {},
    "shapes": [
        {
            "points": [
                [
                    713,
                    204
                ],
                [
                    713,
                    503
                ],
                [
                    712,
                    504
                ],
                [
                    712,
                    1530
                ],
                [
                    711,
                    1531
                ],
                [
                    711,
                    2471
                ],
                [
                    710,
                    2472
                ],
                [
                    710,
                    3370
                ],
                [
                    1058,
                    3370
                ],
                [
                    1059,
                    3371
                ],
                [
                    1476,
                    3371
                ],
                [
                    1477,
                    3372
                ],
                [
                    1894,
                    3372
                ],
                [
                    1895,
                    3373
                ],
                [
                    2173,
                    3373
                ],
                [
                    2174,
                    3374
                ],
                [
                    2591,
                    3374
                ],
                [
                    2592,
                    3375
                ],
                [
                    3009,
                    3375
                ],
                [
                    3010,
                    3376
                ],
                [
                    3428,
                    3376
                ],
                [
                    3429,
                    3377
                ],
                [
                    3846,
                    3377
                ],
                [
                    3847,
                    3378
                ],
                [
                    4264,
                    3378
                ],
                [
                    4265,
                    3379
                ],
                [
                    4682,
                    3379
                ],
                [
                    4683,
                    3380
                ],
                [
                    4752,
                    3380
                ],
                [
                    4752,
                    3252
                ],
                [
                    4753,
                    3251
                ],
                [
                    4753,
                    2909
                ],
                [
                    4754,
                    2908
                ],
                [
                    4754,
                    2652
                ],
                [
                    4755,
                    2651
                ],
                [
                    4755,
                    2310
                ],
                [
                    4756,
                    2309
                ],
                [
                    4756,
                    1967
                ],
                [
                    4757,
                    1966
                ],
                [
                    4757,
                    1710
                ],
                [
                    4758,
                    1709
                ],
                [
                    4758,
                    1367
                ],
                [
                    4759,
                    1366
                ],
                [
                    4759,
                    1025
                ],
                [
                    4760,
                    1024
                ],
                [
                    4760,
                    768
                ],
                [
                    4761,
                    767
                ],
                [
                    4761,
                    425
                ],
                [
                    4762,
                    424
                ],
                [
                    4762,
                    210
                ],
                [
                    4414,
                    210
                ],
                [
                    4413,
                    209
                ],
                [
                    3716,
                    209
                ],
                [
                    3715,
                    208
                ],
                [
                    2878,
                    208
                ],
                [
                    2877,
                    207
                ],
                [
                    2180,
                    207
                ],
                [
                    2179,
                    206
                ],
                [
                    1482,
                    206
                ],
                [
                    1481,
                    205
                ],
                [
                    783,
                    205
                ],
                [
                    782,
                    204
                ]
            ],
            "label": "masterbox",
            "shape_type": "polygon",
            "flags": {},
            "mask": null,
            "group_id": null,
            "description": ""
        }
    ],
    "imagePath": "403.bmp",
    "imageData": null,
    "imageHeight": 3648,
    "imageWidth": 5472
}