{
    "version": "5.5.0",
    "flags": {},
    "shapes": [
        {
            "points": [
                [
                    714,
                    202
                ],
                [
                    714,
                    758
                ],
                [
                    713,
                    759
                ],
                [
                    713,
                    2298
                ],
                [
                    712,
                    2299
                ],
                [
                    712,
                    3368
                ],
                [
                    1199,
                    3368
                ],
                [
                    1200,
                    3369
                ],
                [
                    1757,
                    3369
                ],
                [
                    1758,
                    3370
                ],
                [
                    2315,
                    3370
                ],
                [
                    2316,
                    3371
                ],
                [
                    2872,
                    3371
                ],
                [
                    2873,
                    3372
                ],
                [
                    3430,
                    3372
                ],
                [
                    3431,
                    3373
                ],
                [
                    3987,
                    3373
                ],
                [
                    3988,
                    3374
                ],
                [
                    4545,
                    3374
                ],
                [
                    4546,
                    3375
                ],
                [
                    4754,
                    3375
                ],
                [
                    4754,
                    3333
                ],
                [
                    4755,
                    3332
                ],
                [
                    4755,
                    2733
                ],
                [
                    4756,
                    2732
                ],
                [
                    4756,
                    2220
                ],
                [
                    4757,
                    2219
                ],
                [
                    4757,
                    1620
                ],
                [
                    4758,
                    1619
                ],
                [
                    4758,
                    1106
                ],
                [
                    4759,
                    1105
                ],
                [
                    4759,
                    593
                ],
                [
                    4760,
                    592
                ],
                [
                    4760,
                    206
                ],
                [
                    3994,
                    206
                ],
                [
                    3993,
                    205
                ],
                [
                    3017,
                    205
                ],
                [
                    3016,
                    204
                ],
                [
                    2040,
                    204
                ],
                [
                    2039,
                    203
                ],
                [
                    1063,
                    203
                ],
                [
                    1062,
                    202
                ]
            ],
            "label": "masterbox",
            "shape_type": "polygon",
            "flags": {},
            "mask": null,
            "group_id": null,
            "description": ""
        }
    ],
    "imagePath": "408.bmp",
    "imageData": null,
    "imageHeight": 3648,
    "imageWidth": 5472
}