{
    "version": "5.5.0",
    "flags": {},
    "shapes": [
        {
            "points": [
                [
                    714,
                    206
                ],
                [
                    714,
                    1275
                ],
                [
                    713,
                    1276
                ],
                [
                    713,
                    2387
                ],
                [
                    712,
                    2388
                ],
                [
                    712,
                    3372
                ],
                [
                    920,
                    3372
                ],
                [
                    921,
                    3373
                ],
                [
                    1339,
                    3373
                ],
                [
                    1340,
                    3374
                ],
                [
                    1896,
                    3374
                ],
                [
                    1897,
                    3375
                ],
                [
                    2314,
                    3375
                ],
                [
                    2315,
                    3376
                ],
                [
                    2732,
                    3376
                ],
                [
                    2733,
                    3377
                ],
                [
                    3151,
                    3377
                ],
                [
                    3152,
                    3378
                ],
                [
                    3569,
                    3378
                ],
                [
                    3570,
                    3379
                ],
                [
                    3987,
                    3379
                ],
                [
                    3988,
                    3380
                ],
                [
                    4545,
                    3380
                ],
                [
                    4546,
                    3381
                ],
                [
                    4754,
                    3381
                ],
                [
                    4754,
                    3168
                ],
                [
                    4755,
                    3167
                ],
                [
                    4755,
                    2740
                ],
                [
                    4756,
                    2739
                ],
                [
                    4756,
                    2311
                ],
                [
                    4757,
                    2310
                ],
                [
                    4757,
                    1883
                ],
                [
                    4758,
                    1882
                ],
                [
                    4758,
                    1540
                ],
                [
                    4759,
                    1539
                ],
                [
                    4759,
                    1112
                ],
                [
                    4760,
                    1111
                ],
                [
                    4760,
                    684
                ],
                [
                    4761,
                    683
                ],
                [
                    4761,
                    256
                ],
                [
                    4762,
                    255
                ],
                [
                    4762,
                    212
                ],
                [
                    4413,
                    212
                ],
                [
                    4412,
                    211
                ],
                [
                    3716,
                    211
                ],
                [
                    3715,
                    210
                ],
                [
                    3018,
                    210
                ],
                [
                    3017,
                    209
                ],
                [
                    2460,
                    209
                ],
                [
                    2459,
                    208
                ],
                [
                    1762,
                    208
                ],
                [
                    1761,
                    207
                ],
                [
                    1204,
                    207
                ],
                [
                    1203,
                    206
                ]
            ],
            "label": "masterbox",
            "shape_type": "polygon",
            "flags": {},
            "mask": null,
            "group_id": null,
            "description": ""
        }
    ],
    "imagePath": "411.bmp",
    "imageData": null,
    "imageHeight": 3648,
    "imageWidth": 5472
}