{
    "version": "5.5.0",
    "flags": {},
    "shapes": [
        {
            "points": [
                [
                    4698,
                    216
                ],
                [
                    4697,
                    217
                ],
                [
                    3860,
                    217
                ],
                [
                    3859,
                    218
                ],
                [
                    2883,
                    218
                ],
                [
                    2882,
                    219
                ],
                [
                    1906,
                    219
                ],
                [
                    1905,
                    220
                ],
                [
                    929,
                    220
                ],
                [
                    928,
                    221
                ],
                [
                    718,
                    221
                ],
                [
                    718,
                    263
                ],
                [
                    719,
                    264
                ],
                [
                    719,
                    1033
                ],
                [
                    720,
                    1034
                ],
                [
                    720,
                    1803
                ],
                [
                    721,
                    1804
                ],
                [
                    721,
                    2573
                ],
                [
                    722,
                    2574
                ],
                [
                    722,
                    3343
                ],
                [
                    723,
                    3344
                ],
                [
                    723,
                    3386
                ],
                [
                    4767,
                    3386
                ],
                [
                    4767,
                    216
                ]
            ],
            "label": "masterbox",
            "shape_type": "polygon",
            "flags": {},
            "mask": null,
            "group_id": null,
            "description": ""
        }
    ],
    "imagePath": "449.bmp",
    "imageData": null,
    "imageHeight": 3648,
    "imageWidth": 5472
}