{
    "version": "5.5.0",
    "flags": {},
    "shapes": [
        {
            "points": [
                [
                    715,
                    197
                ],
                [
                    715,
                    924
                ],
                [
                    714,
                    925
                ],
                [
                    714,
                    1865
                ],
                [
                    713,
                    1866
                ],
                [
                    713,
                    2807
                ],
                [
                    712,
                    2808
                ],
                [
                    712,
                    3364
                ],
                [
                    1061,
                    3364
                ],
                [
                    1062,
                    3365
                ],
                [
                    1479,
                    3365
                ],
                [
                    1480,
                    3366
                ],
                [
                    2037,
                    3366
                ],
                [
                    2038,
                    3367
                ],
                [
                    2456,
                    3367
                ],
                [
                    2457,
                    3368
                ],
                [
                    2875,
                    3368
                ],
                [
                    2876,
                    3369
                ],
                [
                    3433,
                    3369
                ],
                [
                    3434,
                    3370
                ],
                [
                    3851,
                    3370
                ],
                [
                    3852,
                    3371
                ],
                [
                    4410,
                    3371
                ],
                [
                    4411,
                    3372
                ],
                [
                    4759,
                    3372
                ],
                [
                    4759,
                    3073
                ],
                [
                    4760,
                    3072
                ],
                [
                    4760,
                    2645
                ],
                [
                    4761,
                    2644
                ],
                [
                    4761,
                    2217
                ],
                [
                    4762,
                    2216
                ],
                [
                    4762,
                    1703
                ],
                [
                    4763,
                    1702
                ],
                [
                    4763,
                    1275
                ],
                [
                    4764,
                    1274
                ],
                [
                    4764,
                    846
                ],
                [
                    4765,
                    845
                ],
                [
                    4765,
                    418
                ],
                [
                    4766,
                    417
                ],
                [
                    4766,
                    203
                ],
                [
                    4418,
                    203
                ],
                [
                    4417,
                    202
                ],
                [
                    3859,
                    202
                ],
                [
                    3858,
                    201
                ],
                [
                    3161,
                    201
                ],
                [
                    3160,
                    200
                ],
                [
                    2462,
                    200
                ],
                [
                    2461,
                    199
                ],
                [
                    1764,
                    199
                ],
                [
                    1763,
                    198
                ],
                [
                    1065,
                    198
                ],
                [
                    1064,
                    197
                ]
            ],
            "label": "masterbox",
            "shape_type": "polygon",
            "flags": {},
            "mask": null,
            "group_id": null,
            "description": ""
        }
    ],
    "imagePath": "450.bmp",
    "imageData": null,
    "imageHeight": 3648,
    "imageWidth": 5472
}