{
    "version": "5.5.0",
    "flags": {},
    "shapes": [
        {
            "points": [
                [
                    3995,
                    213
                ],
                [
                    3994,
                    214
                ],
                [
                    3158,
                    214
                ],
                [
                    3157,
                    215
                ],
                [
                    2181,
                    215
                ],
                [
                    2180,
                    216
                ],
                [
                    1343,
                    216
                ],
                [
                    1342,
                    217
                ],
                [
                    714,
                    217
                ],
                [
                    714,
                    260
                ],
                [
                    715,
                    261
                ],
                [
                    715,
                    1115
                ],
                [
                    716,
                    1116
                ],
                [
                    716,
                    1971
                ],
                [
                    717,
                    1972
                ],
                [
                    717,
                    2826
                ],
                [
                    718,
                    2827
                ],
                [
                    718,
                    3383
                ],
                [
                    1624,
                    3383
                ],
                [
                    1625,
                    3382
                ],
                [
                    4763,
                    3382
                ],
                [
                    4763,
                    2226
                ],
                [
                    4762,
                    2225
                ],
                [
                    4762,
                    213
                ]
            ],
            "label": "masterbox",
            "shape_type": "polygon",
            "flags": {},
            "mask": null,
            "group_id": null,
            "description": ""
        }
    ],
    "imagePath": "451.bmp",
    "imageData": null,
    "imageHeight": 3648,
    "imageWidth": 5472
}