{
    "version": "5.5.0",
    "flags": {},
    "shapes": [
        {
            "points": [
                [
                    714,
                    204
                ],
                [
                    714,
                    931
                ],
                [
                    713,
                    932
                ],
                [
                    713,
                    3369
                ],
                [
                    922,
                    3369
                ],
                [
                    923,
                    3370
                ],
                [
                    1620,
                    3370
                ],
                [
                    1621,
                    3371
                ],
                [
                    2317,
                    3371
                ],
                [
                    2318,
                    3372
                ],
                [
                    3154,
                    3372
                ],
                [
                    3155,
                    3373
                ],
                [
                    3851,
                    3373
                ],
                [
                    3852,
                    3374
                ],
                [
                    4549,
                    3374
                ],
                [
                    4550,
                    3375
                ],
                [
                    4758,
                    3375
                ],
                [
                    4758,
                    2562
                ],
                [
                    4759,
                    2561
                ],
                [
                    4759,
                    1020
                ],
                [
                    4760,
                    1019
                ],
                [
                    4760,
                    206
                ],
                [
                    3714,
                    206
                ],
                [
                    3713,
                    205
                ],
                [
                    784,
                    205
                ],
                [
                    783,
                    204
                ]
            ],
            "label": "masterbox",
            "shape_type": "polygon",
            "flags": {},
            "mask": null,
            "group_id": null,
            "description": ""
        }
    ],
    "imagePath": "459.bmp",
    "imageData": null,
    "imageHeight": 3648,
    "imageWidth": 5472
}