{
    "version": "5.5.0",
    "flags": {},
    "shapes": [
        {
            "points": [
                [
                    742,
                    200
                ],
                [
                    742,
                    3363
                ],
                [
                    812,
                    3363
                ],
                [
                    813,
                    3364
                ],
                [
                    1230,
                    3364
                ],
                [
                    1231,
                    3365
                ],
                [
                    1788,
                    3365
                ],
                [
                    1789,
                    3366
                ],
                [
                    2206,
                    3366
                ],
                [
                    2207,
                    3367
                ],
                [
                    2625,
                    3367
                ],
                [
                    2626,
                    3368
                ],
                [
                    3043,
                    3368
                ],
                [
                    3044,
                    3369
                ],
                [
                    3462,
                    3369
                ],
                [
                    3463,
                    3370
                ],
                [
                    3880,
                    3370
                ],
                [
                    3881,
                    3371
                ],
                [
                    4298,
                    3371
                ],
                [
                    4299,
                    3372
                ],
                [
                    4717,
                    3372
                ],
                [
                    4718,
                    3373
                ],
                [
                    4787,
                    3373
                ],
                [
                    4787,
                    2902
                ],
                [
                    4788,
                    2901
                ],
                [
                    4788,
                    2388
                ],
                [
                    4789,
                    2387
                ],
                [
                    4789,
                    1789
                ],
                [
                    4790,
                    1788
                ],
                [
                    4790,
                    1275
                ],
                [
                    4791,
                    1274
                ],
                [
                    4791,
                    676
                ],
                [
                    4792,
                    675
                ],
                [
                    4792,
                    204
                ],
                [
                    4444,
                    204
                ],
                [
                    4443,
                    203
                ],
                [
                    3466,
                    203
                ],
                [
                    3465,
                    202
                ],
                [
                    2349,
                    202
                ],
                [
                    2348,
                    201
                ],
                [
                    1371,
                    201
                ],
                [
                    1370,
                    200
                ]
            ],
            "label": "masterbox",
            "shape_type": "polygon",
            "flags": {},
            "mask": null,
            "group_id": null,
            "description": ""
        }
    ],
    "imagePath": "472.bmp",
    "imageData": null,
    "imageHeight": 3648,
    "imageWidth": 5472
}