{
    "version": "5.5.0",
    "flags": {},
    "shapes": [
        {
            "points": [
                [
                    716,
                    214
                ],
                [
                    716,
                    256
                ],
                [
                    715,
                    257
                ],
                [
                    715,
                    941
                ],
                [
                    714,
                    942
                ],
                [
                    714,
                    1625
                ],
                [
                    713,
                    1626
                ],
                [
                    713,
                    2309
                ],
                [
                    712,
                    2310
                ],
                [
                    712,
                    2908
                ],
                [
                    711,
                    2909
                ],
                [
                    711,
                    3380
                ],
                [
                    1059,
                    3380
                ],
                [
                    1060,
                    3381
                ],
                [
                    1478,
                    3381
                ],
                [
                    1479,
                    3382
                ],
                [
                    1756,
                    3382
                ],
                [
                    1757,
                    3383
                ],
                [
                    2175,
                    3383
                ],
                [
                    2176,
                    3384
                ],
                [
                    2593,
                    3384
                ],
                [
                    2594,
                    3385
                ],
                [
                    3012,
                    3385
                ],
                [
                    3013,
                    3386
                ],
                [
                    3430,
                    3386
                ],
                [
                    3431,
                    3387
                ],
                [
                    3848,
                    3387
                ],
                [
                    3849,
                    3388
                ],
                [
                    4127,
                    3388
                ],
                [
                    4128,
                    3389
                ],
                [
                    4546,
                    3389
                ],
                [
                    4547,
                    3390
                ],
                [
                    4755,
                    3390
                ],
                [
                    4755,
                    3177
                ],
                [
                    4756,
                    3176
                ],
                [
                    4756,
                    2834
                ],
                [
                    4757,
                    2833
                ],
                [
                    4757,
                    2491
                ],
                [
                    4758,
                    2490
                ],
                [
                    4758,
                    2149
                ],
                [
                    4759,
                    2148
                ],
                [
                    4759,
                    1806
                ],
                [
                    4760,
                    1805
                ],
                [
                    4760,
                    1463
                ],
                [
                    4761,
                    1462
                ],
                [
                    4761,
                    1121
                ],
                [
                    4762,
                    1120
                ],
                [
                    4762,
                    778
                ],
                [
                    4763,
                    777
                ],
                [
                    4763,
                    435
                ],
                [
                    4764,
                    434
                ],
                [
                    4764,
                    220
                ],
                [
                    4276,
                    220
                ],
                [
                    4275,
                    219
                ],
                [
                    3578,
                    219
                ],
                [
                    3577,
                    218
                ],
                [
                    3020,
                    218
                ],
                [
                    3019,
                    217
                ],
                [
                    2322,
                    217
                ],
                [
                    2321,
                    216
                ],
                [
                    1624,
                    216
                ],
                [
                    1623,
                    215
                ],
                [
                    926,
                    215
                ],
                [
                    925,
                    214
                ]
            ],
            "label": "masterbox",
            "shape_type": "polygon",
            "flags": {},
            "mask": null,
            "group_id": null,
            "description": ""
        }
    ],
    "imagePath": "476.bmp",
    "imageData": null,
    "imageHeight": 3648,
    "imageWidth": 5472
}