{
    "version": "5.5.0",
    "flags": {},
    "shapes": [
        {
            "points": [
                [
                    3578,
                    233
                ],
                [
                    3577,
                    234
                ],
                [
                    1903,
                    234
                ],
                [
                    1902,
                    235
                ],
                [
                    715,
                    235
                ],
                [
                    715,
                    534
                ],
                [
                    716,
                    535
                ],
                [
                    716,
                    1133
                ],
                [
                    717,
                    1134
                ],
                [
                    717,
                    1817
                ],
                [
                    718,
                    1818
                ],
                [
                    718,
                    2416
                ],
                [
                    719,
                    2417
                ],
                [
                    719,
                    3015
                ],
                [
                    720,
                    3016
                ],
                [
                    720,
                    3400
                ],
                [
                    2462,
                    3400
                ],
                [
                    2463,
                    3401
                ],
                [
                    4762,
                    3401
                ],
                [
                    4762,
                    3017
                ],
                [
                    4763,
                    3016
                ],
                [
                    4763,
                    1561
                ],
                [
                    4764,
                    1560
                ],
                [
                    4764,
                    233
                ]
            ],
            "label": "masterbox",
            "shape_type": "polygon",
            "flags": {},
            "mask": null,
            "group_id": null,
            "description": ""
        }
    ],
    "imagePath": "481.bmp",
    "imageData": null,
    "imageHeight": 3648,
    "imageWidth": 5472
}