{
    "version": "5.5.0",
    "flags": {},
    "shapes": [
        {
            "points": [
                [
                    713,
                    210
                ],
                [
                    713,
                    338
                ],
                [
                    712,
                    339
                ],
                [
                    712,
                    1194
                ],
                [
                    711,
                    1195
                ],
                [
                    711,
                    2050
                ],
                [
                    710,
                    2051
                ],
                [
                    710,
                    2906
                ],
                [
                    709,
                    2907
                ],
                [
                    709,
                    3378
                ],
                [
                    1197,
                    3378
                ],
                [
                    1198,
                    3379
                ],
                [
                    1755,
                    3379
                ],
                [
                    1756,
                    3380
                ],
                [
                    2312,
                    3380
                ],
                [
                    2313,
                    3381
                ],
                [
                    2870,
                    3381
                ],
                [
                    2871,
                    3382
                ],
                [
                    3428,
                    3382
                ],
                [
                    3429,
                    3383
                ],
                [
                    4125,
                    3383
                ],
                [
                    4126,
                    3384
                ],
                [
                    4683,
                    3384
                ],
                [
                    4684,
                    3385
                ],
                [
                    4753,
                    3385
                ],
                [
                    4753,
                    3172
                ],
                [
                    4754,
                    3171
                ],
                [
                    4754,
                    2744
                ],
                [
                    4755,
                    2743
                ],
                [
                    4755,
                    2316
                ],
                [
                    4756,
                    2315
                ],
                [
                    4756,
                    1888
                ],
                [
                    4757,
                    1887
                ],
                [
                    4757,
                    1374
                ],
                [
                    4758,
                    1373
                ],
                [
                    4758,
                    946
                ],
                [
                    4759,
                    945
                ],
                [
                    4759,
                    519
                ],
                [
                    4760,
                    518
                ],
                [
                    4760,
                    218
                ],
                [
                    4412,
                    218
                ],
                [
                    4411,
                    217
                ],
                [
                    3854,
                    217
                ],
                [
                    3853,
                    216
                ],
                [
                    3295,
                    216
                ],
                [
                    3294,
                    215
                ],
                [
                    2737,
                    215
                ],
                [
                    2736,
                    214
                ],
                [
                    2318,
                    214
                ],
                [
                    2317,
                    213
                ],
                [
                    1760,
                    213
                ],
                [
                    1759,
                    212
                ],
                [
                    1202,
                    212
                ],
                [
                    1201,
                    211
                ],
                [
                    783,
                    211
                ],
                [
                    782,
                    210
                ]
            ],
            "label": "masterbox",
            "shape_type": "polygon",
            "flags": {},
            "mask": null,
            "group_id": null,
            "description": ""
        }
    ],
    "imagePath": "484.bmp",
    "imageData": null,
    "imageHeight": 3648,
    "imageWidth": 5472
}