{
    "version": "5.5.0",
    "flags": {},
    "shapes": [
        {
            "points": [
                [
                    714,
                    213
                ],
                [
                    714,
                    683
                ],
                [
                    713,
                    684
                ],
                [
                    713,
                    1368
                ],
                [
                    712,
                    1369
                ],
                [
                    712,
                    1967
                ],
                [
                    711,
                    1968
                ],
                [
                    711,
                    2566
                ],
                [
                    710,
                    2567
                ],
                [
                    710,
                    3165
                ],
                [
                    709,
                    3166
                ],
                [
                    709,
                    3380
                ],
                [
                    1057,
                    3380
                ],
                [
                    1058,
                    3381
                ],
                [
                    1615,
                    3381
                ],
                [
                    1616,
                    3382
                ],
                [
                    2033,
                    3382
                ],
                [
                    2034,
                    3383
                ],
                [
                    2452,
                    3383
                ],
                [
                    2453,
                    3384
                ],
                [
                    3009,
                    3384
                ],
                [
                    3010,
                    3385
                ],
                [
                    3428,
                    3385
                ],
                [
                    3429,
                    3386
                ],
                [
                    3846,
                    3386
                ],
                [
                    3847,
                    3387
                ],
                [
                    4404,
                    3387
                ],
                [
                    4405,
                    3388
                ],
                [
                    4753,
                    3388
                ],
                [
                    4753,
                    3089
                ],
                [
                    4754,
                    3088
                ],
                [
                    4754,
                    2661
                ],
                [
                    4755,
                    2660
                ],
                [
                    4755,
                    2319
                ],
                [
                    4756,
                    2318
                ],
                [
                    4756,
                    1891
                ],
                [
                    4757,
                    1890
                ],
                [
                    4757,
                    1548
                ],
                [
                    4758,
                    1547
                ],
                [
                    4758,
                    1120
                ],
                [
                    4759,
                    1119
                ],
                [
                    4759,
                    777
                ],
                [
                    4760,
                    776
                ],
                [
                    4760,
                    349
                ],
                [
                    4761,
                    348
                ],
                [
                    4761,
                    220
                ],
                [
                    4552,
                    220
                ],
                [
                    4551,
                    219
                ],
                [
                    3994,
                    219
                ],
                [
                    3993,
                    218
                ],
                [
                    3297,
                    218
                ],
                [
                    3296,
                    217
                ],
                [
                    2599,
                    217
                ],
                [
                    2598,
                    216
                ],
                [
                    2041,
                    216
                ],
                [
                    2040,
                    215
                ],
                [
                    1343,
                    215
                ],
                [
                    1342,
                    214
                ],
                [
                    785,
                    214
                ],
                [
                    784,
                    213
                ]
            ],
            "label": "masterbox",
            "shape_type": "polygon",
            "flags": {},
            "mask": null,
            "group_id": null,
            "description": ""
        }
    ],
    "imagePath": "498.bmp",
    "imageData": null,
    "imageHeight": 3648,
    "imageWidth": 5472
}