{
    "version": "5.5.0",
    "flags": {},
    "shapes": [
        {
            "points": [
                [
                    713,
                    216
                ],
                [
                    713,
                    3383
                ],
                [
                    782,
                    3383
                ],
                [
                    783,
                    3384
                ],
                [
                    1339,
                    3384
                ],
                [
                    1340,
                    3385
                ],
                [
                    1896,
                    3385
                ],
                [
                    1897,
                    3386
                ],
                [
                    2453,
                    3386
                ],
                [
                    2454,
                    3387
                ],
                [
                    3010,
                    3387
                ],
                [
                    3011,
                    3388
                ],
                [
                    3568,
                    3388
                ],
                [
                    3569,
                    3389
                ],
                [
                    4125,
                    3389
                ],
                [
                    4126,
                    3390
                ],
                [
                    4682,
                    3390
                ],
                [
                    4683,
                    3391
                ],
                [
                    4752,
                    3391
                ],
                [
                    4752,
                    3091
                ],
                [
                    4753,
                    3090
                ],
                [
                    4753,
                    2749
                ],
                [
                    4754,
                    2748
                ],
                [
                    4754,
                    2320
                ],
                [
                    4755,
                    2319
                ],
                [
                    4755,
                    1977
                ],
                [
                    4756,
                    1976
                ],
                [
                    4756,
                    1549
                ],
                [
                    4757,
                    1548
                ],
                [
                    4757,
                    1206
                ],
                [
                    4758,
                    1205
                ],
                [
                    4758,
                    778
                ],
                [
                    4759,
                    777
                ],
                [
                    4759,
                    435
                ],
                [
                    4760,
                    434
                ],
                [
                    4760,
                    220
                ],
                [
                    4551,
                    220
                ],
                [
                    4550,
                    219
                ],
                [
                    3575,
                    219
                ],
                [
                    3574,
                    218
                ],
                [
                    2598,
                    218
                ],
                [
                    2597,
                    217
                ],
                [
                    1621,
                    217
                ],
                [
                    1620,
                    216
                ]
            ],
            "label": "masterbox",
            "shape_type": "polygon",
            "flags": {},
            "mask": null,
            "group_id": null,
            "description": ""
        }
    ],
    "imagePath": "499.bmp",
    "imageData": null,
    "imageHeight": 3648,
    "imageWidth": 5472
}